title,price,image
Simple Joys by Carter's Girls' 4-Piece Sweatshirt Set,$27.50,https://m.media-amazon.com/images/I/81D7naw5KAL._AC_UL320_.jpg
Simple Joys by Carter's Babies- Toddlers- and Girls' 6-Piece Snug-Fit Cotton Pajama Set- Pack of 3,$30.40,https://m.media-amazon.com/images/I/81kp4YXksYL._MCnd_AC_UL320_.jpg
Gymboree Girls' and Toddler Christmas Holiday Dresses Seasonal,$32.87,https://m.media-amazon.com/images/I/91qpw+Bwm5L._MCnd_AC_UL320_.jpg
Gymboree girls And Toddler Dressy Coat,$41.97,https://m.media-amazon.com/images/I/61wW4wlfvhL._AC_UL320_.jpg
Speechless Girls' High Neck Romper Maxi Dress,$34.40,https://m.media-amazon.com/images/I/81InaRTuLqL._MCnd_AC_UL320_.jpg
Gymboree Girls' and Toddler Dressy Coat,$40.82,https://m.media-amazon.com/images/I/71jEDnG+U0L._AC_UL320_.jpg
Calvin Klein Girls' Sleeveless Party Dress- Fit and Flare Silhouette- Round Neckline & Back Zip Closure,$27.20,https://m.media-amazon.com/images/I/61KjXK1lJML._MCnd_AC_UL320_.jpg
Gymboree Girls' and Toddler Short Sleeve Sweater Dresses,$26.06,https://m.media-amazon.com/images/I/81ItalHFvoL._MCnd_AC_UL320_.jpg
Simple Joys by Carter's Girls' Denim Shorts- Pack of 2,$25.60,https://m.media-amazon.com/images/I/91VlCOOXpHL._AC_UL320_.jpg
Nautica Girls' Full-Zip Fleece Jacket- Signature Logo Design- Lightweight & Wind Resistant,$26.00,https://m.media-amazon.com/images/I/81XnBXGY6DL._AC_UL320_.jpg
My Little Pony Girls' Big Twilight Sparkle Purple/Muti,$31.98,https://m.media-amazon.com/images/I/71hIRUFqFDL._AC_UL320_.jpg
Gymboree Girls' and Toddler Long Sleeve Sweater Dresses,$38.11,https://m.media-amazon.com/images/I/91F4ko0EhhL._MCnd_AC_UL320_.jpg
Simple Joys by Carter's Toddlers and Baby Girls' Long-Sleeve Dress Set- Pack of 2,$37.30,https://m.media-amazon.com/images/I/91L7Cd4IoiL._MCnd_AC_UL320_.jpg
Gymboree Toddler Girls Short Sleeve Dressy Dresses,$38.67,https://m.media-amazon.com/images/I/81a4uo8J5KL._MCnd_AC_UL320_.jpg
Lucky Brand Girls' Bootcut Fit Stretch Denim Jeans with Zipper Closure & Pockets,$27.00,https://m.media-amazon.com/images/I/91ztfK+DmVL._AC_UL320_.jpg
Gymboree Girls' and Toddler Long Sleeve Sweaters,$27.97,https://m.media-amazon.com/images/I/815qygrxU8L._AC_UL320_.jpg
Gymboree Girls' and Toddler Long Sleeve Knit Casual Dresses,$25.52,https://m.media-amazon.com/images/I/71jRbPBPIcL._MCnd_AC_UL320_.jpg
The Children's Place Kids' Family Matching- Festive Christmas Pajama Sets- Cotton,$39.95,https://m.media-amazon.com/images/I/81G+0Qx8ggL._AC_UL320_.jpg
Simple Joys by Carter's Girls' Raincoat,$29.50,https://m.media-amazon.com/images/I/81Co6oIZbpL._AC_UL320_.jpg
Speedo Girl's Swimsuit One Piece Infinity Splice Thick Strap,$26.26,https://m.media-amazon.com/images/I/617xAZlT7mL._MCnd_AC_UL320_.jpg
The Children's Place Girls' Uniform Bootcut Chino Pants,$29.95,https://m.media-amazon.com/images/I/51fnUfRRlZL._AC_UL320_.jpg
Gymboree Girls' One Size and Toddler Long Sleeve Dress,$26.68,https://m.media-amazon.com/images/I/81iIz9IzgfL._MCnd_AC_UL320_.jpg
The Children's Place Baby And Kids'- Sibling Matching Christmas Pajama Sets- Cotton,$29.95,https://m.media-amazon.com/images/I/81hs5nj+P+L._AC_UL320_.jpg
Wrangler Girls' Retro Stretch Boot Cut Jean,$25.30,https://m.media-amazon.com/images/I/61EcsMWCQNL._AC_UL320_.jpg
Gymboree Girls' and Toddler Short Sleeve Basic Layering Collar Shirt,$33.01,https://m.media-amazon.com/images/I/61rBPqKuPcL._AC_UL320_.jpg
Gymboree Girls' One Size and Toddler Long Sleeve Casual Print Dresses Seasonal,$25.39,https://m.media-amazon.com/images/I/81tRgPIXDgL._MCnd_AC_UL320_.jpg
The Children's Place Girls' Uniform Skinny Chino Pants,$29.95,https://m.media-amazon.com/images/I/61lve1chuUL._AC_UL320_.jpg
Juicy Couture Girls 2 Pieces Jogger Set,$39.99,https://m.media-amazon.com/images/I/71E9VjAdf6L._AC_UL320_.jpg
Simple Joys by Carter's Girls' Stretch Rib Dresses- Pack of 2,$31.00,https://m.media-amazon.com/images/I/91hf4ux56BL._MCnd_AC_UL320_.jpg
Gymboree Girls and Toddler Embroidered Sleeveless Skirtall Jumpers,$46.95,https://m.media-amazon.com/images/I/719yqt8X-cL._AC_UL320_.jpg
Wrangler Girls' Stretch Boot Cut Jean,$35.49,https://m.media-amazon.com/images/I/71GxL5vU5eL._AC_UL320_.jpg
IZOD Girls' School Uniform Sensory-Friendly Jegging- Soft Fabric with Flattened Seams- Tagless,$26.60,https://m.media-amazon.com/images/I/71bzvkr1VDS._AC_UL320_.jpg
Gymboree Girls' and Toddler Sleeveless Dressy Dress,$37.46,https://m.media-amazon.com/images/I/81bJ0zDU3aL._MCnd_AC_UL320_.jpg
Gymboree Girls' and Toddler Long Sleeve Cardigan Sweaters,$27.97,https://m.media-amazon.com/images/I/71hpOufC3pL._AC_UL320_.jpg
Wrangler Girls' Retro Trouser Jean,$34.95,https://m.media-amazon.com/images/I/91luca+kJZS._AC_UL320_.jpg
Juicy Couture Girls 2 Piece Velour Full Zip Set,$30.73,https://m.media-amazon.com/images/I/61X+WCJPrZL._AC_UL320_.jpg
Gymboree Girls And Toddler Long Sleeve Zip Up Hoodie Sweatshirt,$25.87,https://m.media-amazon.com/images/I/6117EUC1kQL._AC_UL320_.jpg
My Little Pony Toddler Girls Zip-up Hoodie,$35.06,https://m.media-amazon.com/images/I/71dyFCO2jBL._AC_UL320_.jpg
L.O.L. Surprise! Girls' The Theater Club Unicorn Big Face Zip-up Hoodie,$31.98,https://m.media-amazon.com/images/I/71sDNop0s-L._AC_UL320_.jpg
Osh Kosh Girls' Perfect Puffer Jacket Coat,$36.08,https://m.media-amazon.com/images/I/91alsQOj6QL._AC_UL320_.jpg
Speedo Girl's Swimsuit One Piece Thin Straps,$39.50,https://m.media-amazon.com/images/I/61NbZpGoREL._MCnd_AC_UL320_.jpg
Speedo Girls' Swimsuit One Piece Solid Cross Back Multi Straps,$39.08,https://m.media-amazon.com/images/I/714ZWzJMJQL._MCnd_AC_UL320_.jpg
Bonnie Jean Girls 4-16 Navy Velvet Silver Stripe Jacquard Jewel Bow Waist Dress,$29.60,https://m.media-amazon.com/images/I/91DItqWDnQL._MCnd_AC_UL320_.jpg
Amy Byer Girls' Size 7-16 School Uniform Pants with Stretch,$26.97,https://m.media-amazon.com/images/I/81O7mmb5EoL._AC_UL320_.jpg
Speechless Girls' Sleeveless Sequin Party Dress,$34.99,https://m.media-amazon.com/images/I/91USxrBw9SL._MCnd_AC_UL320_.jpg
Gymboree Girls' and Toddler Embroided Graphic Long Sleeve T-Shirts,$34.95,https://m.media-amazon.com/images/I/71D9PmoCWRL._AC_UL320_.jpg
Gymboree Girls' and Toddler Fall and Holiday Embroidered Graphic Long Sleeve T-Shirts,$26.69,https://m.media-amazon.com/images/I/81fe5RT9jnL._AC_UL320_.jpg
Carhartt Girls' Long-Sleeve Pocket Flannel Shirt,$25.53,https://m.media-amazon.com/images/I/91BuyG7UbZL._AC_UL320_.jpg
Speechless Girls' Long Sleeve A-line Sequined Party Dress,$34.08,https://m.media-amazon.com/images/I/A1Zip0KT-oL._MCnd_AC_UL320_.jpg
Gymboree Girls' and Toddler Long Sleeve Woven Casual Dresses,$35.15,https://m.media-amazon.com/images/I/91sPXrRSb2L._MCnd_AC_UL320_.jpg
Hatley Childrens' Splash Pants-,$40.00,https://m.media-amazon.com/images/I/6162GO-JvfL._AC_UL320_.jpg
Gymboree Girls and Toddler Lightweight Windbreaker Jacket,$37.77,https://m.media-amazon.com/images/I/61a24SYyD+L._AC_UL320_.jpg
Lucky Brand Girls' Cuffed Jean Shorts- Stretch Denim with 5 Pockets- Mid to High Rise Waist,$26.02,https://m.media-amazon.com/images/I/81pWpLMnpTL._AC_UL320_.jpg
Gymboree Girls' and Toddler Dressy Vests and Shrugs,$27.97,https://m.media-amazon.com/images/I/71R4SkXNlWL._AC_UL320_.jpg
Calvin Klein Girls' Logo Sweatshirt- Fleece Hoodie with Full-Zip Front & Functional Pockets,$28.50,https://m.media-amazon.com/images/I/91lQvlBzSBL._AC_UL320_.jpg
JoJo Siwa Girls' Little Unicorns & Rainbows All Over Print Zip Up Hoodie with Bow,$25.71,https://m.media-amazon.com/images/I/81rpfLRhbUL._AC_UL320_.jpg
KIDSCOOL SPACE Kid Boy Girl Small Bib Pocket Adjustable Straps Jean Overalls-Denim Cute Ripped Jumper,$23.99,https://m.media-amazon.com/images/I/71O7oic2udL._AC_UL320_.jpg
Nike Girl's Club Fleece Tie-Dye Full Zip (Little Kids),$47.58,https://m.media-amazon.com/images/I/81apzdXZFqL._AC_UL320_.jpg
Champion Girls Sweatshirt- Crew Sweatshirt for Girls- Lightweight Pullover Sweatshirt- Graphics,$25.98,https://m.media-amazon.com/images/I/81mW67FtRJL._AC_UL320_.jpg
HUDSON Girls' Stretch Denim Jeans- Bell-Bottom Style Pants with Flared Legs,$26.01,https://m.media-amazon.com/images/I/81xpaH5eYDL._AC_UL320_.jpg
Speedo Girl's Swimsuit One Piece Closed Racerback,$40.00,https://m.media-amazon.com/images/I/71rrS09RtJL._MCnd_AC_UL320_.jpg
JoJo Siwa Girls' Little Big Face Zip Up Hoodie with Bow on Hood,$28.56,https://m.media-amazon.com/images/I/71fwiwCfU7L._AC_UL320_.jpg
Gymboree Girls' Sleeveless Dressy Dresses Seasonal,$32.12,https://m.media-amazon.com/images/I/81Sbmus3-+L._MCnd_AC_UL320_.jpg
[BLANKNYC],$33.51,https://m.media-amazon.com/images/I/81JX3t2Y3OL._AC_UL320_.jpg
Calvin Klein Girls' Hooded Winter Puffer Jacket- Full-Length Heavy Weight Coat with Fleece Lining,$44.95,https://m.media-amazon.com/images/I/81TKHKA0HSL._AC_UL320_.jpg
Gymboree Girls' and Toddler Leggings,$32.95,https://m.media-amazon.com/images/I/81+NqfSVfqL._AC_UL320_.jpg
Gymboree Girls' and Toddler Long Sleeve Woven Shirts Seasonal,$29.59,https://m.media-amazon.com/images/I/81juiVQvdfL._AC_UL320_.jpg
Gymboree Girls' and Toddler Long Sleeve Cardigan Sweaters,$27.97,https://m.media-amazon.com/images/I/81hJwGJKC0L._AC_UL320_.jpg
Nautica Girls' Printed Flutter Dress- Sleeveless with Ruffled Shoulders & Cinched Waist,$25.91,https://m.media-amazon.com/images/I/71N2KTmtV9L._MCnd_AC_UL320_.jpg
Speechless Girls' Short Sleeveless Layered Dress,$25.34,https://m.media-amazon.com/images/I/61Rf6xJwntL._MCnd_AC_UL320_.jpg
Gymboree Girls and Toddler Sleeveless Twill Pleated Jumper Dress,$26.99,https://m.media-amazon.com/images/I/61SFCU1eQEL._MCnd_AC_UL320_.jpg
KIDSCOOL SPACE Baby Little Girls Skirt-Ripped Soft Strechy Denim Girls Summer Overalls Dress,$21.99,https://m.media-amazon.com/images/I/91f0icdPPUL._AC_UL320_.jpg
iXtreme Unisex-Children Snowpant,$25.72,https://m.media-amazon.com/images/I/51p+m+n1gbL._AC_UL320_.jpg
OshKosh B'Gosh Girls' Perfect Puffer Jacket,$38.72,https://m.media-amazon.com/images/I/816u0rts9cL._AC_UL320_.jpg
JoJo Siwa Girls' Little Emoji Characters Zip Up Hoodie with Bow on Hood,$28.07,https://m.media-amazon.com/images/I/71qlZLRgkYL._AC_UL320_.jpg
Kanu Surf Girls' Morgan Floral Ruffle 1-Shoulder 1-Piece Swimsuit,$25.99,https://m.media-amazon.com/images/I/814DSlCDGaL._MCnd_AC_UL320_.jpg
Gymboree-and Toddler Puffer Jacket-Red-7,$47.77,https://m.media-amazon.com/images/I/61wVYSbbDPL._AC_UL320_.jpg
Nautica Juniors Uniform Skinny Stretch Sateen Pant,$26.17,https://m.media-amazon.com/images/I/71+DeR2NxmL._AC_UL320_.jpg
Speechless Girls' Sleeveless Jacquard Party Dress,$29.60,https://m.media-amazon.com/images/I/71sQX251M2L._MCnd_AC_UL320_.jpg
Lucky Brand Girls' Stretch Denim Jeans- Skinny Fit Pants with Zipper Closure & 5 Pockets,$28.50,https://m.media-amazon.com/images/I/51l7G99DG+L._AC_UL320_.jpg
Reebok girls 2-piece Activewear Tracksuit Clothing Set - Hoodie Jacket + Performance Joggers,$39.85,https://m.media-amazon.com/images/I/61PMfmMKsPL._AC_UL320_.jpg
Calvin Klein girls Stretch Denim Shortalls- Boyfriend Fit Jean Overalls With Adjustable Straps,$28.80,https://m.media-amazon.com/images/I/81GBl4G3z9L._AC_UL320_.jpg
Juicy Couture Girls' Plush Velour Pant and Hoodie Sweatshirt Seperates,$30.96,https://m.media-amazon.com/images/I/61MTi3leYZL._AC_UL320_.jpg
Gymboree Girls' and Toddler Embroidered Denim Jackets,$31.56,https://m.media-amazon.com/images/I/91ZHmMpHzIL._AC_UL320_.jpg
DL1961 Girls' Big Kid Chloe Skinny Fit Jean,$36.60,https://m.media-amazon.com/images/I/71-qsbQhRiL._AC_UL320_.jpg
Gymboree girls And Toddler Dressy Dress,$33.71,https://m.media-amazon.com/images/I/81wUE1yu4RL._MCnd_AC_UL320_.jpg
Bonnie Jean Girl's Easter Dress - Pink Bunny Dress for Toddler and Little Girls,$32.60,https://m.media-amazon.com/images/I/61A3UpqHJiL._MCnd_AC_UL320_.jpg
Under Armour Girls' One Piece Swimsuit,$31.97,https://m.media-amazon.com/images/I/81gRhqnnUrL._MCnd_AC_UL320_.jpg
Speechless Girls' Sleeveless Lace Bodice and Fairy Skirt Party Dress,$30.56,https://m.media-amazon.com/images/I/51K2qEoLkQL._MCnd_AC_UL320_.jpg
Hobie Girls Cutout One Piece Swimsuit,$37.60,https://m.media-amazon.com/images/I/71vFhxGfV5L._MCnd_AC_UL320_.jpg
Under Armour Girls' Rashguard Set,$28.97,https://m.media-amazon.com/images/I/71ooQgxS9jL._MCnd_AC_UL320_.jpg
Juicy Couture Girls 2 Pieces Legging Set,$29.62,https://m.media-amazon.com/images/I/81W8AzhiObL._AC_UL320_.jpg
L.O.L. Surprise! Girls' The Glitterati Crystal Queen Big Face Zip-up Hoodie,$30.31,https://m.media-amazon.com/images/I/81Lkeilj27L._AC_UL320_.jpg
Nautica Girls' Two-Piece Bikini Swimsuit Set- UPF 50+ Sun Protection- Quick-Dry Bathing Suit,$29.63,https://m.media-amazon.com/images/I/719TE81rxWL._MCnd_AC_UL320_.jpg
YMI Girls High-Rise Essential Denim Skirt,$28.00,https://m.media-amazon.com/images/I/71KfQOC8F9L._AC_UL320_.jpg
Gymboree Girls' and Toddler Sleeveless Dress,$25.05,https://m.media-amazon.com/images/I/71juHuAhL7L._MCnd_AC_UL320_.jpg
Juicy Couture Girls 2 Piece Boucle Set,$37.00,https://m.media-amazon.com/images/I/719Z3XChGHL._AC_UL320_.jpg
Speechless Girls' High Neck Full Length Party Dress,$39.91,https://m.media-amazon.com/images/I/81bROjA7JNL._MCnd_AC_UL320_.jpg
Calvin Klein Baby Boys 2 Pieces Pant Set,$29.75,https://m.media-amazon.com/images/I/710xocG++0L._AC_UL320_.jpg
Speechless Girls' Sleeveless Scuba Crepe Fit and Flare Party Dress,$27.20,https://m.media-amazon.com/images/I/51rwN-Z+kCL._MCnd_AC_UL320_.jpg
Amy Byer Girls' Halter Popover Dress with Decorative Trim at Waist,$35.14,https://m.media-amazon.com/images/I/61s6OT8owgL._MCnd_AC_UL320_.jpg
Speechless Girls' Balloon Sleeve Chiffon Dress,$26.87,https://m.media-amazon.com/images/I/91qvo9vgfFL._MCnd_AC_UL320_.jpg
DL1961 Girls' Jenny Mini Skirt,$45.03,https://m.media-amazon.com/images/I/51iS3AVLzDL._AC_UL320_.jpg
Jessica Simpson Jessica Girls' Jeans,$33.99,https://m.media-amazon.com/images/I/9122AjmpRVL._AC_UL320_.jpg
Gymboree Girls' and Toddler Embroidered Sleeveless Skirtall Jumpers Seaonal,$32.05,https://m.media-amazon.com/images/I/71J8mQ+GAFL._AC_UL320_.jpg
Speechless Girls' 7-16 Tween Maxi Dress with Wide Ribbon Hem for Formal Dance Or Party,$49.99,https://m.media-amazon.com/images/I/71abe77AOwL._MCnd_AC_UL320_.jpg
Under Armour Girls' Core Rashguard- Long Sleeve Top- Logo Design- UPF 50,$27.95,https://m.media-amazon.com/images/I/61fDx10ZUcL._MCnd_AC_UL320_.jpg
HUDSON girls Sleeveless Jumpsuit- Full Length Romper With Cinched Waist & Button Closure,$26.80,https://m.media-amazon.com/images/I/51LMco1fSGL._AC_UL320_.jpg
Gymboree Girls' and Toddler Fleece Jogger Sweatpants,$28.63,https://m.media-amazon.com/images/I/712qNk+tJzL._AC_UL320_.jpg
Gymboree Girls and Toddler Embroidered Denim Jackets,$26.60,https://m.media-amazon.com/images/I/91RRPmP+TnL._AC_UL320_.jpg
HUDSON Girls' Full-Length Stretch Denim Pants & Jeggings- Skinny Fit- High Rise Waist,$28.94,https://m.media-amazon.com/images/I/51MoBl2wsgL._AC_UL320_.jpg
HUDSON Girls' Straight Leg Stretch Twill Pant,$25.16,https://m.media-amazon.com/images/I/81cmYnyURzL._AC_UL320_.jpg
DL1961 Girls' Lara Jogger,$34.03,https://m.media-amazon.com/images/I/91S1vTlh5DL._AC_UL320_.jpg
KIDSCOOL SPACE Baby Little Girls Skirt-Ripped Soft Strechy Denim Girls Summer Overalls Dress,$21.99,https://m.media-amazon.com/images/I/81WqZA4HNAL._AC_UL320_.jpg
Hobie Girls Bralette Top and Hipster Bikini Bottom Swimsuit Set,$26.10,https://m.media-amazon.com/images/I/81vVkUojrwL._MCnd_AC_UL320_.jpg
Speechless Girls' Sleeveless Full Length Party Dress,$33.05,https://m.media-amazon.com/images/I/81qHqKRp7jL._MCnd_AC_UL320_.jpg
Calvin Klein Girls' Short Sleeve Chambray Denim Shirt,$27.01,https://m.media-amazon.com/images/I/81Pjko8KXmL._AC_UL320_.jpg
Dickies Big Girls Super Skinny Stretch Pant,$27.99,https://m.media-amazon.com/images/I/61bziOiAdAL._AC_UL320_.jpg
Calvin Klein Girls' Performance Dress- Pull-on Style with Crew-Neck Neckline- Logo Detailing,$32.50,https://m.media-amazon.com/images/I/61fMNmUOuLL._MCnd_AC_UL320_.jpg
Nautica Girls' Logo Sweatshirt- Fleece Hoodie With Full-zip Front & Pockets,$29.50,https://m.media-amazon.com/images/I/71IvfcDxyaL._AC_UL320_.jpg
Tommy Hilfiger One Size Girls' Adaptive Polo Dress with Zipper Closure,$31.02,https://m.media-amazon.com/images/I/91MGuQg4ljL._MCnd_AC_UL320_.jpg
PIPPA & JULIE Girls' Holiday Party Dress- Fit & Flare Silhouette- Cute Pattern Styles,$34.16,https://m.media-amazon.com/images/I/91CcBZ8W-gL._MCnd_AC_UL320_.jpg
Gymboree Girls' and Toddler One Piece Swimsuit,$26.24,https://m.media-amazon.com/images/I/81QZGNyHm1L._MCnd_AC_UL320_.jpg
Speechless Girls' Sleeveless Glitter Knit Party Dress,$31.05,https://m.media-amazon.com/images/I/815RDXRov3L._MCnd_AC_UL320_.jpg
Roxy Girls' Palms Colors Crop Top Swimsuit Set,$43.91,https://m.media-amazon.com/images/I/71VIYfFm6SL._MCnd_AC_UL320_.jpg
PIPPA & JULIE Girls' Sleeveless Party Dress- Fit & Flare Silhouette- Cute Pattern Styles,$33.92,https://m.media-amazon.com/images/I/81gupVFjbBL._MCnd_AC_UL320_.jpg
Beautees Girls' Sleeveless Halter Skater Party Dress,$25.93,https://m.media-amazon.com/images/I/91dRUPnK0VL._MCnd_AC_UL320_.jpg
Calvin Klein Girls' Short Sleeve Jersey Dress With Elastic Cinched Waist,$32.50,https://m.media-amazon.com/images/I/71l8ZPCYSXL._MCnd_AC_UL320_.jpg
PIPPA & JULIE Girls' Sleeveless Party Dress- Fit & Flare Silhouette- Cute Pattern Styles,$35.25,https://m.media-amazon.com/images/I/81MwdFad4DL._MCnd_AC_UL320_.jpg
Roxy Girls' Flowers Addict One Piece Swimsuit,$38.94,https://m.media-amazon.com/images/I/71NdDo1+TFL._MCnd_AC_UL320_.jpg
DKNY Girls' Classic 5-Pocket Denim Shorts,$27.10,https://m.media-amazon.com/images/I/91wvxPAZFZL._AC_UL320_.jpg
Speechless Girls' Long Sleeve Glitter Knit A-line Party Dress,$36.00,https://m.media-amazon.com/images/I/91f3Qtpua2L._MCnd_AC_UL320_.jpg
Volcom Girls' for The Tide One Piece Swimsuit,$35.87,https://m.media-amazon.com/images/I/81ukqTY-oEL._MCnd_AC_UL320_.jpg
DL1961 Girls' Big Piper Rolled Cuff Short,$34.69,https://m.media-amazon.com/images/I/81ECe+l9pXL._AC_UL320_.jpg
Billabong Girls' Sunbeams Forever Reversible Tank Swim Set,$36.98,https://m.media-amazon.com/images/I/81KPmzMp17L._MCnd_AC_UL320_.jpg
DL1961 Girls' Lily High Rise Wide Leg,$49.80,https://m.media-amazon.com/images/I/A1lB7ToAEsL._AC_UL320_.jpg
Carter's Girls' Woven Pant 278g293,$30.00,https://m.media-amazon.com/images/I/61bX5cWxQpL._AC_UL320_.jpg
DL1961 Girls' Big Kid Lucy Cut Off Color Short,$35.00,https://m.media-amazon.com/images/I/81s9bs4HyxL._AC_UL320_.jpg
a.x.n.y. Girls Girl's Sleeveless Flower Girl Dress,$30.61,https://m.media-amazon.com/images/I/81qmyNjAbHL._MCnd_AC_UL320_.jpg
Roxy Girls' Seasons Change Tribralette Swim Set,$29.56,https://m.media-amazon.com/images/I/61U6uC-zIQL._MCnd_AC_UL320_.jpg
Lucky Brand Girls' One-Piece and Two-Piece Bikini Swimsuits with UPF 50+ Sun Protection- Quick Drying Bathing Suit,$25.12,https://m.media-amazon.com/images/I/91Zt+b94oTL._MCnd_AC_UL320_.jpg
Hobie Girls' Flounce Bralette Bikini Top & Side Tab Hipster Bottom Swimsuit Set,$28.58,https://m.media-amazon.com/images/I/718TahWYKIL._MCnd_AC_UL320_.jpg
Speechless Girls' Long Sleeve Hanky Hem Dress,$27.84,https://m.media-amazon.com/images/I/71ocZTKzzHL._MCnd_AC_UL320_.jpg
DL1961 Girls' Piper Cuffed Short,$38.84,https://m.media-amazon.com/images/I/81uigRqq8VL._AC_UL320_.jpg
Speedo Big Girls' Atomic Tye Dye Spliced One Piece Swimsuit,$28.03,https://m.media-amazon.com/images/I/61R5yv4JasL._MCnd_AC_UL320_.jpg
Speedo Big Girls' Infinity Splice Tankini Two Piece Swimsuit,$28.46,https://m.media-amazon.com/images/I/81qsbKP2L-L._MCnd_AC_UL320_.jpg
Speechless Girls' Sleeveless Lace Bodice Full Length Party Dress,$41.41,https://m.media-amazon.com/images/I/71cD6L-OhWL._MCnd_AC_UL320_.jpg
Speechless Girls' Short Sleeve Tiered Mesh Dress,$28.59,https://m.media-amazon.com/images/I/A17xO+twfeL._MCnd_AC_UL320_.jpg
Speechless Girls' Sleeveless Fit and Flare Dress with Cutout Neck,$25.20,https://m.media-amazon.com/images/I/71KWF9x-QKL._MCnd_AC_UL320_.jpg
Hobie Girls-Cap Sleeve Bralette Bikini Top & Bow Tie Hipster Bottom Swimsuit Set,$27.26,https://m.media-amazon.com/images/I/81xVSp7Ds-L._MCnd_AC_UL320_.jpg
Emily West Girls' Glitter Textured Knit Metallic Leopard Print Dress- Black- 7,$26.40,https://m.media-amazon.com/images/I/718lJ3Aqb6L._MCnd_AC_UL320_.jpg
Speechless Girls' Cutout Bodice Sleeveless Party Dress,$32.28,https://m.media-amazon.com/images/I/81wNB-Pf6iL._MCnd_AC_UL320_.jpg
Carhartt Girls' Fleece Joggers Sweatpants Knit Pants,$28.81,https://m.media-amazon.com/images/I/81ES7ZPgGWL._AC_UL320_.jpg
Speechless Girls' Sleeveless High-Low Mikado Party Dress,$31.54,https://m.media-amazon.com/images/I/811FKnaWXmL._MCnd_AC_UL320_.jpg
